zoo_name,species,
Fort Wayne Children's Zoo,acanthurus olivaceus,
Fort Wayne Children's Zoo,acanthurus pyroferus,
Fort Wayne Children's Zoo,aceros corrugatus,
Fort Wayne Children's Zoo,agapornis personatus,
Fort Wayne Children's Zoo,ailurus fulgens,
Fort Wayne Children's Zoo,aldabrachelys gigantea,
Fort Wayne Children's Zoo,allenopithecus nigroviridis,
Fort Wayne Children's Zoo,alligator mississippiensis,
Fort Wayne Children's Zoo,amphiprion clarkii,
Fort Wayne Children's Zoo,amphiprion ocellaris,
Fort Wayne Children's Zoo,amphiprion percula,
Fort Wayne Children's Zoo,arothron hispidus,
Fort Wayne Children's Zoo,aspidites ramsayi,
Fort Wayne Children's Zoo,aurelia aurita,
Fort Wayne Children's Zoo,balearica regulorum gibbericeps,
Fort Wayne Children's Zoo,balistoides conspicillum,
Fort Wayne Children's Zoo,bombina orientalis,
Fort Wayne Children's Zoo,bubo bubo,
Fort Wayne Children's Zoo,bubo lacteus,
Fort Wayne Children's Zoo,bubulcus ibis,
Fort Wayne Children's Zoo,bugeranus carunculatus,
Fort Wayne Children's Zoo,buteo jamaicensis,
Fort Wayne Children's Zoo,bycanistes brevis,
Fort Wayne Children's Zoo,cacatua sulphurea,
Fort Wayne Children's Zoo,calloplesiops altivelis,
Fort Wayne Children's Zoo,callosciurus prevostii,
Fort Wayne Children's Zoo,calocitta colliei,
Fort Wayne Children's Zoo,caloenas nicobarica,
Fort Wayne Children's Zoo,canis lupus dingo,
Fort Wayne Children's Zoo,carcharhinus melanopterus,
Fort Wayne Children's Zoo,cathartes aura,
Fort Wayne Children's Zoo,cebus capunicus,
Fort Wayne Children's Zoo,centropyge bispinosa,
Fort Wayne Children's Zoo,cercopithecus neglectus,
Fort Wayne Children's Zoo,chaetodon auriga,
Fort Wayne Children's Zoo,chaetodon ephippium,
Fort Wayne Children's Zoo,chaetodon lunula,
Fort Wayne Children's Zoo,chelmon rostratus,
Fort Wayne Children's Zoo,chenonetta jubata,
Fort Wayne Children's Zoo,chromis viridis,
Fort Wayne Children's Zoo,ciconia ciconia,
Fort Wayne Children's Zoo,ciconia nigra,
Fort Wayne Children's Zoo,cissa chinensis,
Fort Wayne Children's Zoo,colobus guereza,
Fort Wayne Children's Zoo,connochaetes taurinus albojubatus,
Fort Wayne Children's Zoo,cracticus tibicen,
Fort Wayne Children's Zoo,crocuta crocuta,
Fort Wayne Children's Zoo,crossoptilon crossoptilon,
Fort Wayne Children's Zoo,cygnus atratus,
Fort Wayne Children's Zoo,cynomys ludovicianus,
Fort Wayne Children's Zoo,dascyllus aruanus,
Fort Wayne Children's Zoo,dascyllus trimaculatus,
Fort Wayne Children's Zoo,dasyatis americana,
Fort Wayne Children's Zoo,dendrocygna javanica,
Fort Wayne Children's Zoo,ducula bicolor,
Fort Wayne Children's Zoo,entomyzon cyanotis,
Fort Wayne Children's Zoo,eolophus roseicapilla,
Fort Wayne Children's Zoo,equus quagga,
Fort Wayne Children's Zoo,erpeton tentaculatum,
Fort Wayne Children's Zoo,eucrossorhinus dasypogon,
Fort Wayne Children's Zoo,eurycantha calcarata,
Fort Wayne Children's Zoo,geomyda spengleri,
Fort Wayne Children's Zoo,giraffa reticulata,
Fort Wayne Children's Zoo,gonyosoma oxycephalum,
Fort Wayne Children's Zoo,gymnomuraena zebra,
Fort Wayne Children's Zoo,gyps rueppellii,
Fort Wayne Children's Zoo,heniochus acuminatus,
Fort Wayne Children's Zoo,hologymnosus rhodonotus,
Fort Wayne Children's Zoo,hylobates moloch,
Fort Wayne Children's Zoo,irena puella,
Fort Wayne Children's Zoo,leiothrix argentauris,
Fort Wayne Children's Zoo,lemur catta,
Fort Wayne Children's Zoo,leptailurus serval,
Fort Wayne Children's Zoo,leptoptilos crumeniferus,
Fort Wayne Children's Zoo,lontra canadensis,
Fort Wayne Children's Zoo,lophotis gindiana,
Fort Wayne Children's Zoo,lynx canadensis,
Fort Wayne Children's Zoo,macropus giganteus,
Fort Wayne Children's Zoo,macropus rufogriseus,
Fort Wayne Children's Zoo,melichthys niger,
Fort Wayne Children's Zoo,mellivora capensis,
Fort Wayne Children's Zoo,microspathodon chrysurus,
Fort Wayne Children's Zoo,morelia spilota,
Fort Wayne Children's Zoo,mungos mungo,
Fort Wayne Children's Zoo,nephrurus wheeleri,
Fort Wayne Children's Zoo,nettapus coromandelianus,
Fort Wayne Children's Zoo,nymphicus hollandicus,
Fort Wayne Children's Zoo,otidiphaps nobilis,
Fort Wayne Children's Zoo,otocyon megalotis,
Fort Wayne Children's Zoo,panthera leo,
Fort Wayne Children's Zoo,panthera pardus orientalis,
Fort Wayne Children's Zoo,panthera tigris sumatrae,
Fort Wayne Children's Zoo,paracanthurus hepatus,
Fort Wayne Children's Zoo,parupeneus ciliatus,
Fort Wayne Children's Zoo,pavo cristatus,
Fort Wayne Children's Zoo,pelecanus onocrotalus,
Fort Wayne Children's Zoo,phyllium biocalatum,
Fort Wayne Children's Zoo,pithecia pithecia,
Fort Wayne Children's Zoo,pitta sordida,
Fort Wayne Children's Zoo,platax orbicularis,
Fort Wayne Children's Zoo,polypedates otilophus,
Fort Wayne Children's Zoo,polytelis alexandrae,
Fort Wayne Children's Zoo,pomacanthus imperator,
Fort Wayne Children's Zoo,pomacanthus imperator,
Fort Wayne Children's Zoo,pongo abelii,
Fort Wayne Children's Zoo,premnas biaculeatus,
Fort Wayne Children's Zoo,pseudanthias dispar,
Fort Wayne Children's Zoo,pterois volitans,
Fort Wayne Children's Zoo,python reticulatus,
Fort Wayne Children's Zoo,rhacophorus nigropalmatus,
Fort Wayne Children's Zoo,rhinecanthus aculeatus,
Fort Wayne Children's Zoo,rhinoptera bonasus,
Fort Wayne Children's Zoo,rollulus rouloul,
Fort Wayne Children's Zoo,sarcophilus harrisii,
Fort Wayne Children's Zoo,sardina pilchardus,
Fort Wayne Children's Zoo,sargocentron seychellense,
Fort Wayne Children's Zoo,siganus unimaculatus,
Fort Wayne Children's Zoo,spheniscus demersus,
Fort Wayne Children's Zoo,stegostoma fasciatum,
Fort Wayne Children's Zoo,struthio camelus,
Fort Wayne Children's Zoo,threskiornis spinicollis,
Fort Wayne Children's Zoo,tiliqua scincoides,
Fort Wayne Children's Zoo,trachypithecus obscurus,
Fort Wayne Children's Zoo,tragelaphus spekii,
Fort Wayne Children's Zoo,tragopan caboti,
Fort Wayne Children's Zoo,tribolonotus gracilis,
Fort Wayne Children's Zoo,trichoglossus haematodus,
Fort Wayne Children's Zoo,tupaia belangeri,
Fort Wayne Children's Zoo,tyto alba,
Fort Wayne Children's Zoo,urocissa erythororyncha,
Fort Wayne Children's Zoo,vanellus miles,
Fort Wayne Children's Zoo,varanus komodoensis,
Fort Wayne Children's Zoo,varanus tristis,
Fort Wayne Children's Zoo,zalophus californianus,
Fort Wayne Children's Zoo,zebrasoma flavescens,
Fort Wayne Children's Zoo,zebrasoma velifer,
Fort Wayne Children's Zoo,zosterops palpebrosus,
Palm Beach Zoo at Dreher Park,aldabrachelys gigantea,
Palm Beach Zoo at Dreher Park,choleopus didactylus  ,
Palm Beach Zoo at Dreher Park,hydrochoerus hydrochaeris,
Palm Beach Zoo at Dreher Park,myrmecophaga tridactyla,
Palm Beach Zoo at Dreher Park,phascolarctos cinereus,
Palm Beach Zoo at Dreher Park,phoenicopterus chilensis,
Palm Beach Zoo at Dreher Park,ateles geoffroyi vellerosus,
Palm Beach Zoo at Dreher Park,ursus americanus,
Palm Beach Zoo at Dreher Park,puma concolor coryi,
Palm Beach Zoo at Dreher Park,lontra canadensis,
Palm Beach Zoo at Dreher Park,odocoileus virginianus,
Palm Beach Zoo at Dreher Park,grus canadensis,
Palm Beach Zoo at Dreher Park,tyto alba,
Palm Beach Zoo at Dreher Park,strix varia,
Palm Beach Zoo at Dreher Park,coragyps atratus,
Palm Beach Zoo at Dreher Park,cathartes aura,
Palm Beach Zoo at Dreher Park,platalea ajaja,
Palm Beach Zoo at Dreher Park,eudocimus ruber,
Palm Beach Zoo at Dreher Park,cygnus atratus,
Palm Beach Zoo at Dreher Park,nasua nasua,
Palm Beach Zoo at Dreher Park,alligator mississippiensis,
Palm Beach Zoo at Dreher Park,macrochelys temminckii,
Palm Beach Zoo at Dreher Park,dracaena guianensis,
Palm Beach Zoo at Dreher Park,petrogale xanthopus,
Palm Beach Zoo at Dreher Park,grus virgo,
Palm Beach Zoo at Dreher Park,panthera tigris jacksoni,
Palm Beach Zoo at Dreher Park,alouatta caraya,
Palm Beach Zoo at Dreher Park,leontopithecus rosalia,
Palm Beach Zoo at Dreher Park,muntiacus reevesi,
Palm Beach Zoo at Dreher Park,ara ararauna,
Palm Beach Zoo at Dreher Park,speothos venaticus,
Palm Beach Zoo at Dreher Park,panthera onca,
Palm Beach Zoo at Dreher Park,tapirus bairdii,
Palm Beach Zoo at Dreher Park,leptailurus serval,
Palm Beach Zoo at Dreher Park,varanus komodoensis,
Palm Beach Zoo at Dreher Park,symphalangus syndactylus,
Palm Beach Zoo at Dreher Park,lemur catta,
Palm Beach Zoo at Dreher Park,varecia rubra,
Palm Beach Zoo at Dreher Park,leopardus pardalis,
Palm Beach Zoo at Dreher Park,ara macao,
Palm Beach Zoo at Dreher Park,callimico goeldii,
Palm Beach Zoo at Dreher Park,saguinus oedipus,
Palm Beach Zoo at Dreher Park,vulpes zerda,
Fort Worth Zoo,bucorvus abyssinicus,
Fort Worth Zoo,panthera leo,
Fort Worth Zoo,diceros bicornis,
Fort Worth Zoo,panthera tigris sumatrae,
Fort Worth Zoo,giraffa reticulata,
Fort Worth Zoo,hippopotamus amphibius,
Fort Worth Zoo,tragelaphus imperbis,
Fort Worth Zoo,capra nubiana,
Fort Worth Zoo,struthio camelus,
Fort Worth Zoo,phacochoerus africanus,
Fort Worth Zoo,equus quagga,
Fort Worth Zoo,bubalus depressicornis,
Fort Worth Zoo,elephas maximus,
Fort Worth Zoo,rhinoceros unicornis,
Fort Worth Zoo,panthera tigris jacksoni,
Fort Worth Zoo,panthera tigris tigris,
Fort Worth Zoo,alectura lathami,
Fort Worth Zoo,carcharhinus melanopterus,
Fort Worth Zoo,macropus rufus,
Fort Worth Zoo,eclectus roratus,
Fort Worth Zoo,eolophus roseicapilla,
Fort Worth Zoo,phoenicopterus chilensis,
Fort Worth Zoo,phoenicopterus ruber,
Fort Worth Zoo,phoeniconaias minor,
Fort Worth Zoo,marmaronetta angustirostris,
Fort Worth Zoo,lophodytes cucullatus,
Fort Worth Zoo,suricata suricatta,
Fort Worth Zoo,shinisaurus crocodilurus,
Fort Worth Zoo,malacochersus tornieri,
Fort Worth Zoo,aldabrachelys gigantea,
Fort Worth Zoo,mauremys annamensis,
Fort Worth Zoo,heloderma horridum,
Fort Worth Zoo,lachesis muta,
Fort Worth Zoo,dracaena guianensis,
Fort Worth Zoo,shinisaurus crocodilurus,
Fort Worth Zoo,cuora trifasciata,
Fort Worth Zoo,pyxis arachnoides,
Fort Worth Zoo,varanus salvadorii,
Fort Worth Zoo,drymarchon couperi,
Fort Worth Zoo,sistrurus catenatus,
Fort Worth Zoo,testudo kleinmanni,
Fort Worth Zoo,pandinus imperator,
Fort Worth Zoo,brachylophus bulabula,
Fort Worth Zoo,pyxis planicauda,
Fort Worth Zoo,gavialis gangeticus,
Fort Worth Zoo,uroplatus fimbriatus,
Fort Worth Zoo,leontopithecus chrysomelas,
Fort Worth Zoo,cyclura lewisi,
Fort Worth Zoo,varanus prasinus,
Fort Worth Zoo,ophiophagus hannah,
Fort Worth Zoo,varanus komodoensis,
Fort Worth Zoo,pituophis ruthveni,
Fort Worth Zoo,ara glaucogularis,
Fort Worth Zoo,anodorhynchus hyacinthinus,
Fort Worth Zoo,ara rubrogenys,
Fort Worth Zoo,trimeresurus mcgregori,
Fort Worth Zoo,crotalus polystictus,
Fort Worth Zoo,batagur borneoensis,
Fort Worth Zoo,cuora pani,
Fort Worth Zoo,atelopus zeteki,
Fort Worth Zoo,dendrobates tinctorius,
Fort Worth Zoo,phyllobates terribilis,
Fort Worth Zoo,epipedobates tricolor,
Fort Worth Zoo,peltophryne lemur,
Fort Worth Zoo,lemur catta,
Fort Worth Zoo,crocodylus porosus,
Fort Worth Zoo,sauromalus varius,
Fort Worth Zoo,eudocimus ruber,
Fort Worth Zoo,spheniscus demersus,
Fort Worth Zoo,eudyptes chrysocome,
Fort Worth Zoo,nettapus auritus,
Fort Worth Zoo,vultur gryphus,
Fort Worth Zoo,coracias cyanogaster,
Fort Worth Zoo,pulsatrix perspicallata,
Fort Worth Zoo,nettapus coromandelianus,
Fort Worth Zoo,rollulus rouloul,
Fort Worth Zoo,argusianus argus,
Fort Worth Zoo,scissirostrum dubium,
Fort Worth Zoo,harpia harpyja,
Fort Worth Zoo,sarcorhamphus papa,
Fort Worth Zoo,dacelo novaeguineae,
Fort Worth Zoo,cyanocorax chrysops,
Fort Worth Zoo,grus antigone,
Fort Worth Zoo,eurypyga helias,
Fort Worth Zoo,aceros corrugatus,
Fort Worth Zoo,podargus strigoides,
Fort Worth Zoo,ramphastos toco,
Fort Worth Zoo,musophaga violacea,
Fort Worth Zoo,alligator mississippiensis,
Fort Worth Zoo,haliaeetus leucocephalus,
Fort Worth Zoo,ursus americanus,
Fort Worth Zoo,cynomys ludovicianus,
Fort Worth Zoo,lynx rufus,
Fort Worth Zoo,pelecanus occidentalis,
Fort Worth Zoo,athene cunicularia,
Fort Worth Zoo,geococcyx californianus,
Fort Worth Zoo,equus caballus,
Fort Worth Zoo,panthera onca,
Fort Worth Zoo,leptonycteris nivalis,
Fort Worth Zoo,puma concolor,
Fort Worth Zoo,lontra canadensis,
Fort Worth Zoo,leopardus pardalis,
Fort Worth Zoo,canis rufus,
Fort Worth Zoo,platalea ajaja,
Fort Worth Zoo,vulpes velox,
Fort Worth Zoo,phrynosoma cornutum,
Fort Worth Zoo,bos texanus,
Fort Worth Zoo,crotalus atrox,
Fort Worth Zoo,nasua narica,
Fort Worth Zoo,odocoileus virginianus,
Fort Worth Zoo,pelecanus erythrorhynchos,
Fort Worth Zoo,cygnus melanocorypha,
Fort Worth Zoo,grus virgo,
Fort Worth Zoo,bugeranus carunculatus,
Fort Worth Zoo,pan paniscus,
Fort Worth Zoo,colobus guereza,
Fort Worth Zoo,gorilla gorilla,
Fort Worth Zoo,pongo abelii,
Fort Worth Zoo,nomascus leucogenys,
Peoria Zoo,colobus guereza,
Peoria Zoo,eudorcas thomsonii,
Peoria Zoo,aldabrachelys gigantea,
Peoria Zoo,sanzinia madagascariensis,
Peoria Zoo,malacochersus tornieri,
Peoria Zoo,ceratotherium simum,
Peoria Zoo,panthera leo,
Peoria Zoo,giraffa reticulata,
Peoria Zoo,gromphadorhina portentosa,
Peoria Zoo,equus grevyi,
Peoria Zoo,ploceus castaneiceps,
Peoria Zoo,cryptomys meachowi,
Peoria Zoo,potamochoerus porcus,
Peoria Zoo,mandrillus sphinx,
Peoria Zoo,litocranius walleri,
Peoria Zoo,rhynchocyon petersi,
Peoria Zoo,chelonoidis nigra,
Peoria Zoo,panthera tigris altaica,
Peoria Zoo,muntiacus reevesi,
Peoria Zoo,budorcas taxicolor,
Peoria Zoo,dromaius novaehollandiae,
Peoria Zoo,dacelo novaeguineae,
Peoria Zoo,melopsittacus undulatus,
Peoria Zoo,cygnus atratus,
Peoria Zoo,macropus parma,
Peoria Zoo,macropus rufogriseus,
Philadelphia Zoo,orycteropus afer,
Philadelphia Zoo,pyxicephalus adspersus,
Philadelphia Zoo,hystrix cristata,
Philadelphia Zoo,panthera leo,
Philadelphia Zoo,aldabrachelys gigantea,
Philadelphia Zoo,alligator mississippiensis,
Philadelphia Zoo,panthera pardus orientalis,
Philadelphia Zoo,panthera tigris altaica,
Philadelphia Zoo,tremarctos ornatus,
Philadelphia Zoo,vultur gryphus,
Philadelphia Zoo,ursus thiberanus,
Philadelphia Zoo,daubentonia madagascariensis,
Philadelphia Zoo,leucopsar rothschildi,
Philadelphia Zoo,heloderma horridum,
Philadelphia Zoo,lorius lory,
Philadelphia Zoo,naja melanoleuca,
Philadelphia Zoo,rhynchocyon petersi,
Philadelphia Zoo,colobus guereza,
Philadelphia Zoo,varecia variegata,
Philadelphia Zoo,felis nigripes,
Philadelphia Zoo,eulemur macaco,
Philadelphia Zoo,callicebus donacophilus,
Philadelphia Zoo,dasyprocta leporina,
Philadelphia Zoo,lynx canadensis,
Philadelphia Zoo,acinonyx jubatus,
Philadelphia Zoo,saimiri sciureus,
Philadelphia Zoo,agkistrodon piscivorus,
Philadelphia Zoo,paleosuchus palpebrosus,
Philadelphia Zoo,helogale parvula,
Philadelphia Zoo,dendrobates,
Philadelphia Zoo,pluvianus aegyptius,
Philadelphia Zoo,dromaius novaehollandiae,
Philadelphia Zoo,micromys minutus,
Philadelphia Zoo,bitis gabonica,
Philadelphia Zoo,chelonoidis nigra,
Philadelphia Zoo,callithrix geoffroyi,
Philadelphia Zoo,heloderma suspectum,
Philadelphia Zoo,pteronura brasiliensis,
Philadelphia Zoo,giraffa reticulata,
Philadelphia Zoo,leontopithecus rosalia,
Philadelphia Zoo,eunectes murinus,
Philadelphia Zoo,todiramphus cinnamominus,
Philadelphia Zoo,gallirallus owstoni,
Philadelphia Zoo,scopus umbretta,
Philadelphia Zoo,ammospermophilus harrisii,
Philadelphia Zoo,hippopotamus amphibius,
Philadelphia Zoo,spheniscus humboldti,
Philadelphia Zoo,panthera onca,
Philadelphia Zoo,ophiophagus hannah,
Philadelphia Zoo,jaculus jaculus,
Philadelphia Zoo,hypogeomys antimena,
Philadelphia Zoo,chrysocyon brachyurus,
Philadelphia Zoo,ptilinopus roseicapilla,
Philadelphia Zoo,nanger dama,
Philadelphia Zoo,eulemur mongoz,
Philadelphia Zoo,heterocephalus glaber,
Philadelphia Zoo,crocodylus niloticus,
Philadelphia Zoo,haliaeetus leucocephalus,
Philadelphia Zoo,tupaia belangeri,
Philadelphia Zoo,okapia johnstoni,
Philadelphia Zoo,bombina orientalis,
Philadelphia Zoo,atelopus zeteki,
Philadelphia Zoo,carettochelys insculpta,
Philadelphia Zoo,saguinus bicolor,
Philadelphia Zoo,ursus maritimus,
Philadelphia Zoo,coendou prehensilis,
Philadelphia Zoo,puma concolor,
Philadelphia Zoo,nycticebus pygmaeus,
Philadelphia Zoo,cebuella pygmaea,
Philadelphia Zoo,cercocebus torquatus,
Philadelphia Zoo,agalychnis callidryas,
Philadelphia Zoo,macropus rufus,
Philadelphia Zoo,ailurus fulgens,
Philadelphia Zoo,potamochoerus porcus,
Philadelphia Zoo,pygathrix nemaeus,
Philadelphia Zoo,lemur catta,
Philadelphia Zoo,pteropus rodricensis,
Philadelphia Zoo,ephippiorhynchus senegalensis,
Philadelphia Zoo,suricata suricatta,
Philadelphia Zoo,melursus ursinus,
Philadelphia Zoo,uncia uncia,
Philadelphia Zoo,bucorvus leadbeateri,
Philadelphia Zoo,ceratotherium simum,
Philadelphia Zoo,pongo abelii,
Philadelphia Zoo,crotalus horridus,
Philadelphia Zoo,cathartes aura,
Philadelphia Zoo,desmodus rotundus,
Philadelphia Zoo,goura victoria,
Philadelphia Zoo,osteolaemus tetraspis,
Philadelphia Zoo,gorilla gorilla gorilla,
Philadelphia Zoo,pithecia pithecia,
Philadelphia Zoo,hylobates lar,
Philadelphia Zoo,nasua narica,
Philadelphia Zoo,litoria caerulea,
Philadelphia Zoo,equus quagga,
Fossil Rim Wildlife Center,addax nasomaculatus,
Fossil Rim Wildlife Center,nanger dama,
Fossil Rim Wildlife Center,ammotragus lervia,
Fossil Rim Wildlife Center,oryx leucoryx,
Fossil Rim Wildlife Center,axis axis,
Fossil Rim Wildlife Center,antilope cervicapra,
Fossil Rim Wildlife Center,diceros bicornis,
Fossil Rim Wildlife Center,tragelaphus eurycerus,
Fossil Rim Wildlife Center,connochaetes taurinus,
Fossil Rim Wildlife Center,cervus elaphus,
Fossil Rim Wildlife Center,dama dama,
Fossil Rim Wildlife Center,oryx gazella,
Fossil Rim Wildlife Center,giraffa camelopardalis,
Fossil Rim Wildlife Center,tragelaphus strepsiceros,
Fossil Rim Wildlife Center,equus grevyi,
Fossil Rim Wildlife Center,equus zebra hartmannae,
Fossil Rim Wildlife Center,equus ferus przewalskii,
Fossil Rim Wildlife Center,hippotragus equinus,
Fossil Rim Wildlife Center,hippotragus niger,
Fossil Rim Wildlife Center,oryx dammah,
Fossil Rim Wildlife Center,kobus ellipsiprymnus,
Fossil Rim Wildlife Center,ceratotherium simum,
Fossil Rim Wildlife Center,tympanuchus cupido attwateri,
Fossil Rim Wildlife Center,dromaius novaehollandiae,
Fossil Rim Wildlife Center,struthio camelus,
Fossil Rim Wildlife Center,grus canadensis,
Fossil Rim Wildlife Center,felis nigripes,
Fossil Rim Wildlife Center,nasua nasua,
Fossil Rim Wildlife Center,acinonyx jubatus,
Fossil Rim Wildlife Center,chrysocyon brachyurus,
Fossil Rim Wildlife Center,canis lupus baileyi,
Fossil Rim Wildlife Center,canis rufus,
Fossil Rim Wildlife Center,capra hircus,
Fossil Rim Wildlife Center,geochelone sulcata,
Fossil Rim Wildlife Center,cacatua sanguinea,
Fossil Rim Wildlife Center,ara ararauna,
Fossil Rim Wildlife Center,eclectus roratus,
Fossil Rim Wildlife Center,gopherus berlandieri,
Fossil Rim Wildlife Center,sus scrofa,
Fossil Rim Wildlife Center,bison bison,
Fossil Rim Wildlife Center,lepus californicus,
Fossil Rim Wildlife Center,dasypus novemcinctus,
Fossil Rim Wildlife Center,geococcyx californianus,
Fossil Rim Wildlife Center,odocoileus virginianus,
Fossil Rim Wildlife Center,meleagris gallopavo,
Franklin Park Zoo,hystrix cristata,
Franklin Park Zoo,panthera leo,
Franklin Park Zoo,polihierax semitorquatus,
Franklin Park Zoo,geochelone sulcata,
Franklin Park Zoo,equus ferus caballus,
Franklin Park Zoo,vultur gryphus,
Franklin Park Zoo,camelus dromedarius,
Franklin Park Zoo,extatosoma tiaratum,
Franklin Park Zoo,cyanopica cyanus,
Franklin Park Zoo,camelus bactrianus,
Franklin Park Zoo,anas formosa,
Franklin Park Zoo,tapirus bairdii,
Franklin Park Zoo,leucopsar rothschildi,
Franklin Park Zoo,python regius,
Franklin Park Zoo,tyto alba,
Franklin Park Zoo,bucephala islandica,
Franklin Park Zoo,lybius dubius,
Franklin Park Zoo,amaurornis flavirostra,
Franklin Park Zoo,cygnus atratus,
Franklin Park Zoo,cynomys ludovicianus,
Franklin Park Zoo,tiliqua scincoides,
Franklin Park Zoo,cochlearius cochlearius,
Franklin Park Zoo,polypedates otilophus,
Franklin Park Zoo,blaberus giganteus,
Franklin Park Zoo,junonia coenia,
Franklin Park Zoo,melopsittacus undulatus,
Franklin Park Zoo,gallus gallus domesticus,
Franklin Park Zoo,bucephala albeola,
Franklin Park Zoo,tragopan caboti,
Franklin Park Zoo,aythya valisineria,
Franklin Park Zoo,hydrochoerus hydrochaeris,
Franklin Park Zoo,phoenicopterus chilensis,
Franklin Park Zoo,cacatua sulphurea,
Franklin Park Zoo,somateria mollissima,
Franklin Park Zoo,trachemys scripta,
Franklin Park Zoo,saguinus oedipus,
Franklin Park Zoo,oryctolagus cuniculus,
Franklin Park Zoo,taeniopygia bichenovii,
Franklin Park Zoo,pseudemys concinna,
Franklin Park Zoo,papilio glaucus,
Franklin Park Zoo,tylototriton shanjing,
Franklin Park Zoo,saguinus imperator,
Franklin Park Zoo,dromaius novaehollandiae,
Franklin Park Zoo,myrmecophaga tridactyla,
Franklin Park Zoo,papilio cresphontes,
Franklin Park Zoo,lamprotornis regius,
Franklin Park Zoo,erythrura gouldiae,
Franklin Park Zoo,equus quagga,
Franklin Park Zoo,hyla versicolor,
Franklin Park Zoo,buceros bicornis,
Franklin Park Zoo,ascia monuste,
Franklin Park Zoo,eunectes murinus,
Franklin Park Zoo,pteroglossus viridis,
Franklin Park Zoo,equus grevyi,
Franklin Park Zoo,sus scrofa,
Franklin Park Zoo,bostrychia hagedash,
Franklin Park Zoo,scopus umbretta,
Franklin Park Zoo,lophodytes cucullatus,
Franklin Park Zoo,pavo cristatus,
Franklin Park Zoo,dryas iulia,
Franklin Park Zoo,nestor notabilis,
Franklin Park Zoo,gongylophis colubrinus,
Franklin Park Zoo,dacelo novaeguineae,
Franklin Park Zoo,ardeotis kori,
Franklin Park Zoo,musophaga rossae,
Franklin Park Zoo,gallus gallus domesticus,
Franklin Park Zoo,choloepus didactylus,
Franklin Park Zoo,gromphadorhina portentosa,
Franklin Park Zoo,sanzinia madagascariensis,
Franklin Park Zoo,anas platyrhynchos,
Franklin Park Zoo,tylototriton shanjing,
Franklin Park Zoo,mandrillus sphinx,
Franklin Park Zoo,marmaronetta angustirostris,
Franklin Park Zoo,giraffa camelopardalis,
Franklin Park Zoo,pterinochilus murinus,
Franklin Park Zoo,danaus plexippus,
Franklin Park Zoo,capra hircus,
Franklin Park Zoo,oxyura jamaicensis,
Franklin Park Zoo,aix sponsa,
Franklin Park Zoo,apteryx mantelli,
Franklin Park Zoo,leopardus pardalis,
Franklin Park Zoo,neochen jubata,
Franklin Park Zoo,struthio camelus,
Franklin Park Zoo,vanessa cardui,
Franklin Park Zoo,probosciger aterrimus,
Franklin Park Zoo,equus africanus asinus,
Franklin Park Zoo,perodicticus potto,
Franklin Park Zoo,corucia zebrata,
Franklin Park Zoo,choeropsis liberiensis,
Franklin Park Zoo,macropus rufus,
Franklin Park Zoo,ailurus fulgens,
Franklin Park Zoo,potamochoerus porcus,
Franklin Park Zoo,branta ruficollis,
Franklin Park Zoo,tauraco erythrolophus,
Franklin Park Zoo,grus japonensis,
Franklin Park Zoo,trachemys scripta,
Franklin Park Zoo,chelonoidis carbonaria,
Franklin Park Zoo,muntiacus reevesi,
Franklin Park Zoo,rhynchophis boulengeri,
Franklin Park Zoo,callonetta leucophrys,
Franklin Park Zoo,lemur catta,
Franklin Park Zoo,gyps rueppellii,
Franklin Park Zoo,rousettus lanosus,
Franklin Park Zoo,ephippiorhynchus senegalensis,
Franklin Park Zoo,mergus squamatus,
Franklin Park Zoo,eudocimus ruber,
Franklin Park Zoo,grus leucogeranus,
Franklin Park Zoo,somateria fischeri,
Franklin Park Zoo,papilio troilus,
Franklin Park Zoo,crocuta crocuta,
Franklin Park Zoo,phelsuma standingi,
Franklin Park Zoo,eidolon helvum,
Franklin Park Zoo,eurypyga helias,
Franklin Park Zoo,podargus strigoides,
Franklin Park Zoo,panthera tigris tigris,
Franklin Park Zoo,musophaga violacea,
Franklin Park Zoo,phacochoerus africanus,
Franklin Park Zoo,bugeranus carunculatus,
Franklin Park Zoo,osteolaemus tetraspis,
Franklin Park Zoo,gorilla gorilla,
Franklin Park Zoo,anartia jatrophae,
Franklin Park Zoo,connochaetes taurinus,
Franklin Park Zoo,grus vipio,
Franklin Park Zoo,mycteria ibis,
Franklin Park Zoo,cacicus cela,
Franklin Park Zoo,heliconius charithonia,
The Phoenix Zoo,panthera leo,
The Phoenix Zoo,lycaon pictus,
The Phoenix Zoo,aldabrachelys gigantea,
The Phoenix Zoo,tremarctos ornatus,
The Phoenix Zoo,oryx leucoryx,
The Phoenix Zoo,elephas maximus,
The Phoenix Zoo,haliaeetus leucocephalus,
The Phoenix Zoo,alouatta caraya,
The Phoenix Zoo,ovis canadensis,
The Phoenix Zoo,pongo pygmaeus,
The Phoenix Zoo,nomascus gabriellae,
The Phoenix Zoo,phoenicopterus chilensis,
The Phoenix Zoo,canis latrans,
The Phoenix Zoo,chelonoidis nigra,
The Phoenix Zoo,gopherus agassizii,
The Phoenix Zoo,litocranius walleri,
The Phoenix Zoo,guaruba guarouba,
The Phoenix Zoo,leontopithecus rosalia,
The Phoenix Zoo,phoenicopterus roseus,
The Phoenix Zoo,equus grevyi,
The Phoenix Zoo,papio hamadryas,
The Phoenix Zoo,panthera onca,
The Phoenix Zoo,varanus komodoensis,
The Phoenix Zoo,mandrillus sphinx,
The Phoenix Zoo,giraffa tippelskirchi,
The Phoenix Zoo,canis lupus baileyi,
The Phoenix Zoo,puma concolor,
The Phoenix Zoo,leopardus pardalis,
The Phoenix Zoo,struthio camelus,
The Phoenix Zoo,cynomys ludovicianus,
The Phoenix Zoo,antilocapra americana,
The Phoenix Zoo,astrochelys radiata,
The Phoenix Zoo,giraffa reticulata,
The Phoenix Zoo,buceros rhinoceros,
The Phoenix Zoo,lemur catta,
The Phoenix Zoo,symphalangus syndactylus,
The Phoenix Zoo,hydrictis maculicollis,
The Phoenix Zoo,saimiri sciureus,
The Phoenix Zoo,panthera tigris sumatrae,
The Phoenix Zoo,rhynchopsitta pachyrhyncha,
The Phoenix Zoo,sarcorhamphus papa,
The Phoenix Zoo,phacochoerus africanus,
The Phoenix Zoo,pithecia pithecia,
The Phoenix Zoo,ceratotherium simum,
Fresno Chaffee Zoo,loxodonta africana,
Abilene Zoo,panthera leo,
Abilene Zoo,colobus angolensis,
Abilene Zoo,philantomba monticola,
Abilene Zoo,struthio camelus,
Abilene Zoo,balearica regulorum,
Abilene Zoo,numida meleagris,
Abilene Zoo,guttera pucherani,
Abilene Zoo,equus quagga,
Abilene Zoo,potamochoerus porcus,
Abilene Zoo,giraffa camelopardalis reticulata,
Abilene Zoo,giraffa camelopardalis rothschildi,
Abilene Zoo,sagittarius serpentarius,
Abilene Zoo,diceros bicornis,
Abilene Zoo,panthera tigris,
Abilene Zoo,acryllium vulturinum,
Abilene Zoo,tympanuchus cupido attwateri,
Abilene Zoo,athene cunicularia,
Abilene Zoo,bubo virginianus,
Abilene Zoo,ictinia mississippiensis,
Abilene Zoo,geococcyx californianus,
Abilene Zoo,megascops asio,
Abilene Zoo,echinotriton andersoni,
Abilene Zoo,ara ararauna,
Abilene Zoo,polypedates otilophus,
Abilene Zoo,dasyprocta leporina,
Abilene Zoo,melanophryniscus stelzneri,
Abilene Zoo,ramphastos vitellinus,
Abilene Zoo,saguinus oedipus,
Abilene Zoo,amazona leucocephala,
Abilene Zoo,paleosuchus palpebrosus,
Abilene Zoo,dendrobates tinctorius,
Abilene Zoo,dendrobates auratus,
Abilene Zoo,iguana iguana,
Abilene Zoo,neurergus kaiseri,
Abilene Zoo,ramphastos sulfuratus,
Abilene Zoo,hylomantis lemur,
Abilene Zoo,tylototriton shanjing,
Abilene Zoo,smilisca baudinii,
Abilene Zoo,trachycephalus resinifictrix,
Abilene Zoo,theloderma corticale,
Abilene Zoo,atelopus zeteki,
Abilene Zoo,coendou prehensilis,
Abilene Zoo,eleutherodactylus antillensis,
Abilene Zoo,callonetta leucophrys,
Abilene Zoo,eudocimus ruber,
Abilene Zoo,ara macao,
Abilene Zoo,vanellus chilensis,
Abilene Zoo,scaphiopus hurterii,
Abilene Zoo,saimiri oerstedii,
Abilene Zoo,eira barbara,
Abilene Zoo,macrochelys temminckii,
Abilene Zoo,mustela nigripes,
Abilene Zoo,cynomys ludovicianus,
Abilene Zoo,coragyps atratus,
Abilene Zoo,cyanocompsa cyanoides,
Abilene Zoo,lynx rufus,
Abilene Zoo,terrapene carolina,
Abilene Zoo,lithobates catesbeiana,
Abilene Zoo,phalcoboenus megalopterus,
Abilene Zoo,catagonus wagneri,
Abilene Zoo,terrapene coahuila,
Abilene Zoo,chelydra serpentina,
Abilene Zoo,puma concolor,
Abilene Zoo,lampropeltis getula splendida,
Abilene Zoo,flathead minnow,
Abilene Zoo,leucophaeus pipixcan,
Abilene Zoo,plestiodon obsoletus,
Abilene Zoo,anas carolinensis,
Abilene Zoo,incilius valliceps,
Abilene Zoo,dasypus novemcinctus,
Abilene Zoo,ursus americanus,
Abilene Zoo,erethizon dorsatum,
Abilene Zoo,lontra canadensis,
Abilene Zoo,leopardus pardalis,
Abilene Zoo,terrapene ornata ornata,
Abilene Zoo,falco peregrinus,
Abilene Zoo,lithobates blairi,
Abilene Zoo,trachemys scripta elegans,
Abilene Zoo,buteo jamaicensis,
Abilene Zoo,streptopelia capicola,
Abilene Zoo,bassariscus astutus,
Abilene Zoo,herichthys cyanoguttatus,
Abilene Zoo,oxyura jamaicensis,
Abilene Zoo,tyrannus forficatus,
Abilene Zoo,mephitis mephitis,
Abilene Zoo,buteo swainsoni,
Abilene Zoo,vulpes velox,
Abilene Zoo,pseudemys texana,
Abilene Zoo,phrynosoma cornutum,
Abilene Zoo,graptemys versa,
Abilene Zoo,elaphe obsoleta lindheimeri,
Abilene Zoo,sceloporus olivaceus,
Abilene Zoo,gopherus berlandieri,
Abilene Zoo,crotalus horridus,
Abilene Zoo,cathartes aura,
Abilene Zoo,crotalus atrox,
Abilene Zoo,heterodon nasicus,
Abilene Zoo,tyrannus verticalis,
Abilene Zoo,meleagris gallopavo,
Abilene Zoo,aix sponsa,
Abilene Zoo,anaxyrus woodhousii,
Abilene Zoo,kinosternon flavescens,
Abilene Zoo,giraffa rothschildi,
Abilene Zoo,giraffa reticulata,
Abilene Zoo,aldabrachelys gigantea,
Abilene Zoo,ardeotis kori,
Abilene Zoo,leptoptilos crumenifer,
Abilene Zoo,crotalus lepidus,
Abilene Zoo,naja nigricollis,
Abilene Zoo,varanus beccarii,
Abilene Zoo,lasiodora parahybana,
Abilene Zoo,agkistrodon contortrix laticinctus,
Abilene Zoo,bothrops erythromelas,
Abilene Zoo,rhacodactylus leachianus,
Abilene Zoo,lachesis stenophrys,
Abilene Zoo,elaphe flavirufa,
Abilene Zoo,crotalus willardi,
Abilene Zoo,aspidelaps lubricus,
Abilene Zoo,agkistrodon piscivorus,
Abilene Zoo,chamaeleolis barbatus,
Abilene Zoo,dendroaspis angusticeps,
Abilene Zoo,crotalus adamanteus,
Abilene Zoo,ptychozoon horsfieldii,
Abilene Zoo,celestus warreni,
Abilene Zoo,heloderma suspectum,
Abilene Zoo,theraphosa blondi,
Abilene Zoo,basiliscus basiliscus,
Abilene Zoo,uroplatus henkeli,
Abilene Zoo,anolis ecomorphs,
Abilene Zoo,kinixys homeana,
Abilene Zoo,dendroaspis jamesoni,
Abilene Zoo,ophiophagus hannah,
Abilene Zoo,phelsuma grandis,
Abilene Zoo,sanzinia madagascariensis,
Abilene Zoo,boiga dendrophila,
Abilene Zoo,chelus fimbriata,
Abilene Zoo,trioceros melleri,
Abilene Zoo,heloderma horridum,
Abilene Zoo,crotalus polystictus,
Abilene Zoo,pituophis melanoleucus,
Abilene Zoo,crotalus scutulatus,
Abilene Zoo,mixcoatlus melanurus,
Abilene Zoo,naja haje,
Abilene Zoo,tribolonotus gracilis,
Abilene Zoo,naja pallida,
Abilene Zoo,rhynchophis boulengeri,
Abilene Zoo,phrynocephalus albolineatus,
Abilene Zoo,clemmys guttata,
Abilene Zoo,trimeresurus trigonocephalus,
Abilene Zoo,agkistrodon bilineatus,
Abilene Zoo,bitis gabonica,
Abilene Zoo,aspidites ramsayi,
Abilene Zoo,ateles geoffroyi,
Abilene Zoo,rhea americana,
Abilene Zoo,lama glama,
Abilene Zoo,alouatta caraya,
Abilene Zoo,panthera onca,
Abilene Zoo,chrysocyon brachyurus,
Abilene Zoo,dolichotis patagonum,
Abilene Zoo,alligator mississippiensis,
Abilene Zoo,phoenicopterus ruber,
Abilene Zoo,anas americana,
Abilene Zoo,dendrocygna autumnalis,
Abilene Zoo,cygnus melancoryphus,
Abilene Zoo,anas cyanoptera,
Abilene Zoo,coscoroba coscoroba,
Abilene Zoo,chauna torquata,
Abilene Zoo,gallus gallus domesticus,
Abilene Zoo,dendrocygna bicolor,
Abilene Zoo,lophodytes cucullatus,
Abilene Zoo,aythya affinis,
Abilene Zoo,anas clypeata,
Abilene Zoo,anas acuta,
Abilene Zoo,aythya americana,
Abilene Zoo,grus canadensis,
Abilene Zoo,dendrocygna viduata,
Point Defiance Zoo and Aquarium,elephas maximus,
Point Defiance Zoo and Aquarium,amblonyx cinerea,
Point Defiance Zoo and Aquarium,neofelis nebulosa,
Point Defiance Zoo and Aquarium,hystrix indica,
Point Defiance Zoo and Aquarium,bubalus depressicornis,
Point Defiance Zoo and Aquarium,tapirus indicus,
Point Defiance Zoo and Aquarium,symphalangus syndactylus,
Point Defiance Zoo and Aquarium,nomascus leucogenys,
Point Defiance Zoo and Aquarium,ginglymostoma cirratum,
Point Defiance Zoo and Aquarium,carcharias taurus,
Point Defiance Zoo and Aquarium,carcharhinus melanopterus,
Point Defiance Zoo and Aquarium,eucrossorhinus dasypogon,
Point Defiance Zoo and Aquarium,carcharhinus plumbeus,
Point Defiance Zoo and Aquarium,syngnathus griseolineatus,
Point Defiance Zoo and Aquarium,caranx hippos,
Point Defiance Zoo and Aquarium,cheilinus undulatus,
Point Defiance Zoo and Aquarium,parastichopus californicus,
Point Defiance Zoo and Aquarium,zalophus californianus,
Point Defiance Zoo and Aquarium,uria aalge,
Point Defiance Zoo and Aquarium,phoca vitulina,
Point Defiance Zoo and Aquarium,odobenus rosmarus,
Point Defiance Zoo and Aquarium,enhydra lutris,
Point Defiance Zoo and Aquarium,fratercula cirrhata,
Point Defiance Zoo and Aquarium,spheniscus magellanicus,
Point Defiance Zoo and Aquarium,vulpes lagopus,
Point Defiance Zoo and Aquarium,ursus maritimus,
Point Defiance Zoo and Aquarium,rangifer tarandus,
Point Defiance Zoo and Aquarium,ovibos moschatus,
Point Defiance Zoo and Aquarium,phyllobates terribilis,
Point Defiance Zoo and Aquarium,macropus parma,
Point Defiance Zoo and Aquarium,avicularia versicolor,
Point Defiance Zoo and Aquarium,corucia zebrata,
Point Defiance Zoo and Aquarium,pygocentrus nattereri,
Point Defiance Zoo and Aquarium,trachycephalus resinifictrix,
Point Defiance Zoo and Aquarium,varecia variegata,
Point Defiance Zoo and Aquarium,eulemur macaco,
Point Defiance Zoo and Aquarium,pantherophis guttatus,
Point Defiance Zoo and Aquarium,corallus caninus,
Point Defiance Zoo and Aquarium,morelia viridis,
Point Defiance Zoo and Aquarium,dendropsophus ebraccatus,
Point Defiance Zoo and Aquarium,suricata suricatta,
Point Defiance Zoo and Aquarium,malacochersus tornieri,
Point Defiance Zoo and Aquarium,lemur catta,
Point Defiance Zoo and Aquarium,kinixys belliana,
Point Defiance Zoo and Aquarium,litoria caerulea,
Point Defiance Zoo and Aquarium,orycteropus afer,
Point Defiance Zoo and Aquarium,falco sparverius,
Point Defiance Zoo and Aquarium,haliaeetus leucocephalus,
Point Defiance Zoo and Aquarium,salvator merianae,
Point Defiance Zoo and Aquarium,athene cunicularia,
Point Defiance Zoo and Aquarium,dracaena guianensis,
Point Defiance Zoo and Aquarium,lynx canadensis,
Point Defiance Zoo and Aquarium,bubo bubo,
Point Defiance Zoo and Aquarium,pteropus giganteus,
Point Defiance Zoo and Aquarium,iguana iguana,
Point Defiance Zoo and Aquarium,ara chloropterus,
Point Defiance Zoo and Aquarium,parabuteo unicinctus,
Point Defiance Zoo and Aquarium,sarcorhamphus papa,
Point Defiance Zoo and Aquarium,potos flavus,
Point Defiance Zoo and Aquarium,castor canadensis,
Point Defiance Zoo and Aquarium,pavo cristatus,
Point Defiance Zoo and Aquarium,astrochelys radiata,
Point Defiance Zoo and Aquarium,cariama cristata,
Point Defiance Zoo and Aquarium,bucorvus leadbeateri,
Point Defiance Zoo and Aquarium,tolypeutes matacus,
Point Defiance Zoo and Aquarium,eidolon helvum,
Point Defiance Zoo and Aquarium,mephitis mephitis,
Point Defiance Zoo and Aquarium,choleopus didactylus  ,
Point Defiance Zoo and Aquarium,nasua narica,
